Date,Ticker,Title
2026-07-24,LUCK,Lucky Cement Ltd. Revenue Breakdown – PSX:LUCK - TradingView
2026-07-03,LUCK,Late profit-taking caps PSX rally - The Express Tribune
2026-06-26,LUCK,Lucky Core Industries Limited Actuals & Estimates (PSX:LCI) - TradingView
2026-02-26,LUCK,PSX falls 1% as investors trim holdings - The Express Tribune
2025-10-17,LUCK,Lucky Cement’s share price seen rising to Rs602 - Mettis Global
2023-03-29,LUCK,Lucky Cement continues to lead the Pakistan market - cemnet.com
2025-02-21,LUCK,Stock split: Lucky Cement approves sub division to enhance investor participation - Business Recorder
2026-05-22,LUCK,Pakistan's Lucky Motors partners with China's GAC as it bets fuel shock will drive EV switch - Reuters
2024-03-22,LUCK,Lucky Cement diversifies mining business - cemnet.com
2026-02-25,LUCK,PSX falls further in absence of cues - The Express Tribune
2024-02-29,LUCK,Technical Analysis of Lucky Cement Ltd. (PSX:LUCK) - TradingView
2025-12-10,LUCK,"Engro, FFC, Lucky lead PSX’s top 25 companies list for 2024 - Mettis Global"
2025-08-27,LUCK,Yunus Textile Mills expands stake in Lucky Cement - cemnet.com
2024-01-10,LUCK,Lucky Cement Ltd. Income Statement – PSX:LUCK - TradingView
2026-02-14,LUCK,Stocks dip further on disappointing results - The Express Tribune
2022-12-23,LUCK,Lucky Cement becomes the largest cement producer in Pakistan - cemnet.com
2023-07-27,LUCK,Lucky Cement Ltd. Financial Statements – PSX:LUCK - TradingView
2025-03-07,LUCK,Stock splits gain momentum at PSX - The Express Tribune
2026-07-17,LUCK,"PSX up 2,838 points on renewed risk appetite - The Express Tribune"
2026-07-15,LUCK,"PSX plunges 6,400 points on ME tensions - The Express Tribune"
2025-05-13,LUCK,Stock splits heat up market as seven companies restructure shares - Mettis Global
2025-07-14,LUCK,Lucky Core Industries set for 5:1 stock split - Mettis Global
2023-01-17,LUCK,Lucky Core acquires Lotte Chemical Pakistan - The Express Tribune
2023-03-21,LUCK,Lucky Cement completes the buyback of shares - cemnet.com
2024-01-14,LUCK,Lucky terminates Lotte acquisition deal - The Express Tribune
2025-08-07,LUCK,Top 10 cement companies at Pakistan Stock Exchange as of August 2025 - Business Recorder
2025-05-13,LUCK,Lucky Core Industries proposes 5-for-1 stock split to enhance investor accessibility - Business Recorder
2023-08-09,LUCK,"Lucky Cement eyes expanding into telecom, power sectors - The Express Tribune"
2025-10-09,LUCK,"PSX extends downward trend amid institutional selling, volatility - The Express Tribune"
2024-07-24,LUCK,"Lucky TG concludes share repurchase from LCI, TGL - Mettis Global"
2026-08-04,LUCK,"Lucky Core FY26 profit falls 17%, declares Rs10.5/share dividend - Mettis Global"
2025-12-01,LUCK,Rising demand: Pakistan’s Lucky Cement to boost production capacity in DR Congo - Business Recorder
2023-04-26,LUCK,LCI Stock Price and Chart — PSX:LCI - TradingView
2022-12-28,LUCK,ICI Pakistan changes its name to ‘Lucky Core Industries Limited’ - The Nation (Pakistan )
2019-02-01,LUCK,Kia Lucky Motors to start vehicle production by Sept - The Express Tribune
2016-12-08,LUCK,Starting assembly in Pakistan: Lucky Cement to partner with South Korea’s Kia - The Express Tribune
2024-09-09,LUCK,Lucky Core Industries completes acquisition of Pfizer’s Karachi facility and assets - Business Recorder
2024-01-15,LUCK,Lotte Chem’s sale of Pakistani PTA unit falls through - kedglobal.com
2016-12-08,LUCK,S.Korea's Kia to start assembling cars in Pakistan: Lucky Cement - Dawn
2017-10-31,LUCK,Lucky Cement increases stake in joint venture with Kia Motors - The Express Tribune
2017-01-07,LUCK,K-P govt shuts down one of Lucky Cement’s Pezu plant - The Express Tribune
2016-10-27,LUCK,Lucky Cement rakes in Rs4.04b profit - The Express Tribune
2016-07-29,LUCK,Lucky Cement to set up new 1.25m-ton plant in Karachi - The Express Tribune
2023-10-07,LUCK,Lucky Core Industries Limited Dividends – PSX:LCI - TradingView
2025-04-15,LUCK,Lucky Cement to suspend trading from April 21 to implement 1:5 stock split - Profit by Pakistan Today
2025-12-19,LUCK,Lucky Cement board clears consortium's bid for PIA privatisation - Profit by Pakistan Today
2025-12-16,LUCK,"PSO, OGDC and Lucky Cement Dominate Mutual Fund Portfolios - ProPakistani"
2023-11-21,LUCK,Lucky Cement Completes Biggest Share Buyback in PSX History - ProPakistani
2022-12-09,LUCK,Lucky Cement continues share buyback - Profit by Pakistan Today
2026-09-26,LUCK,Lucky Cement to invest Rs1.2bn in National Resources - Profit by Pakistan Today
2025-11-26,LUCK,"Lucky Core Industries denies reports of divesting pharma operations, says business running as usual - Profit by Pakistan Today"
2025-04-15,LUCK,Trading in Lucky Cement Shares to be Suspended Next Week - ProPakistani
2026-07-01,LUCK,Lucky Cement boosts Karachi output to 5.35 mln tons - Profit by Pakistan Today
2025-05-13,LUCK,"Lucky Core Industries announces share face value reduction, proposes 5-for-1 stock split - Profit by Pakistan Today"
2025-08-11,LUCK,"Lucky Cement to invest Rs1.2 billion in its associate firm for copper, gold exploration in Balochistan - Profit by Pakistan Today"
2024-05-30,LUCK,Lucky TG to buy back its shares due to uncertain economic conditions - Profit by Pakistan Today
2022-12-25,LUCK,2022: The year of share buy-back - Profit by Pakistan Today
2025-05-19,LUCK,Lucky Cement’s new Iraq plant comes online - Profit by Pakistan Today
2025-12-01,LUCK,Lucky Cement JV to more than double Congo cement capacity - Profit by Pakistan Today
2026-02-13,LUCK,Clover Pakistan proposes 10-for-1 share split - Profit by Pakistan Today
2023-01-27,LUCK,Lucky Industries signs share purchase agreement to buy 75% shares in Lotchem - Profit by Pakistan Today
2024-07-24,LUCK,"Lucky TG completes share repurchase from LCI, TGL - Profit by Pakistan Today"
2024-05-10,LUCK,Lucky Core Industries expands portfolio with Pfizer assets acquisition - Profit by Pakistan Today
2025-05-14,LUCK,Lucky Cement to boost global capacity with new projects in Iraq - Profit by Pakistan Today
2025-02-21,LUCK,LUCK announces a 5 for 1 stock split - Trade Chronicle
2021-02-13,LUCK,Lucky Cement expands production capacity in its northern plant - Profit by Pakistan Today
2021-08-15,LUCK,Lucky Cement’s lucky 2021 - Profit by Pakistan Today
2025-04-09,LUCK,PSX tumbles over 1300 points as broad-based selling returns to key sectors - Profit by Pakistan Today
2021-07-16,LUCK,"Samsung, Lucky Motors join hands to assemble phones in Pakistan - Daily Times"
2024-07-24,LUCK,Lucky Core Industries announces capacity expansion at Soda Ash Plant - Profit by Pakistan Today
2023-06-22,LUCK,Lucky Cement Moves Rs. 116 Billion Funds to Separate Capital Reserves - ProPakistani
2022-11-10,LUCK,Lucky Motors to remain exclusive manufacturer of KIA passenger cars and suvs - Profit by Pakistan Today
2020-11-14,LUCK,"After a lucky streak, Clover stumbles in 2020 - Profit by Pakistan Today"
2025-08-11,LUCK,Lucky Cement to Invest Rs. 1.2 Billion in National Resources Following Copper-Gold Discovery in Balochistan - ProPakistani
2023-01-16,LUCK,Korean multinational to sell entire 75% stake in Lotte Chemical Pakistan to Lucky Core Industries - Profit by Pakistan Today
2026-06-25,OGDC,OGDC Forecast — Price Target — Prediction for 2027 - TradingView
2026-09-25,OGDC,"Oil and Gas Development Company Limited (OGDC) Files FY2026 Annual Financial Statements with PSX, LSE, and SECP - Kalkine Media"
2026-09-05,OGDC,Stocks rise amid record OGDC earnings - The Express Tribune
2026-07-09,OGDC,OGDC's entire BESOS trust shareholding transferred back to GoP - Mettis Global
2026-07-09,OGDC,Pakistan govt stake in OGDCL rises to 77.53% after court ruling - Investing.com
2026-07-17,OGDC,Pakistan's top 10 listed companies: FY26 market cap leaders on the PSX - Business Recorder
2026-08-22,OGDC,"Led by energy stocks, PSX gains 575 points - The Express Tribune"
2026-08-27,OGDC,OGDC Announces Board Meeting on 4 September 2026 to Approve Full-Year Financial Results and Potential Dividend - Kalkine Media
2026-01-20,OGDC,Pakistan stocks hit another all-time high as optimism prevails over worker remittances - Arab News PK
2026-02-20,OGDC,Why OGDC is Pakistan's best energy bet - Mettis Global
2026-07-18,OGDC,"Profit-taking pushes PSX down by 2,321 points - The Express Tribune"
2026-02-23,OGDC,OGDC’s profit down 11% in 1HFY26 amid lower sales - Business Recorder
2026-02-09,OGDC,"PSX adds OGDC, Attock Refinery in JS Momentum Index - Mettis Global"
2025-09-23,OGDC,OGDC’s profit down 19% in FY25 amid lower sales - Business Recorder
2026-03-11,OGDC,Oversold & Undervalued 8 Top Stocks - Mettis Global
2026-03-28,OGDC,"Late sell-off drags PSX lower by 1,200 points - The Express Tribune"
2025-01-08,OGDC,OGDC to hit Rs335/share by December 2025 - Mettis Global
2026-01-15,OGDC,PSX succumbs to profit-taking pressure - The Express Tribune
2024-03-24,OGDC,Govt to offer OGDCL shares to Gulf investors - The Express Tribune
2023-07-21,OGDC,Pakistan approves privatization of 7% shares in energy giant OGDCL - Arab News
2022-10-31,OGDC,"OGDC, PPL to participate in reconstituted Reko Diq project - Business Recorder"
2017-07-28,OGDC,OGDC Stock Price and Chart — LSIN:OGDC - TradingView
2026-06-19,OGDC,OGDC raises stake in Qadirpur field to around 83% - Mettis Global
2023-08-19,OGDC,Stocks skid after OGDC’s announcement - Dawn
2019-12-13,OGDC,"Pakistan invites Russia to acquire OGDC, PPL shares - The Express Tribune"
2021-05-22,OGDC,"Divestment of OGDC, PPL shelved over ‘low share price’ - Dawn"
2023-02-12,OGDC,Morgan Stanley reclassifies Pakistani stocks - The Express Tribune
2014-11-03,OGDC,All eyes on sale of OGDC shares - Dawn
2025-09-25,OGDC,Gas curtailment wipes off Rs43b from OGDC revenue - The Express Tribune
2022-09-24,OGDC,OGDC’s profit surges 46% to Rs134 billion - The Express Tribune
2024-11-28,OGDC,OGDC profit drop hits earnings of Pakistan’s exploration sector Breaking - Independent News Pakistan
2020-10-10,OGDC,OGDC looks forward to new board - The Express Tribune
2025-03-25,OGDC,OGDCL approves $627m funding for Reko Diq project - The Express Tribune
2026-04-21,OGDC,Pakistan has an access problem - The News Pakistan
2024-07-09,OGDC,"OGDC revives Kunnar-11 well, boosts daily oil output - The News International"
2020-01-23,OGDC,OGDC share prices plunge on alleged manipulation - The News International
2020-07-15,OGDC,"Pakistan finds new oil, gas reserves in K-P - The Express Tribune"
2017-02-01,OGDC,Pakistan’s oil production reaches two-year high - The Express Tribune
2025-04-10,OGDC,Pakistan’s OGDC to Start Production at ADNOC’s Offshore Block by 2027 - Offshore Engineer Magazine
2019-04-27,OGDC,Corporate result: OGDC profit jumps 50% to Rs85.3b - The Express Tribune
2017-06-13,OGDC,"OGDC finds fresh oil, gas deposits in Sindh - The Express Tribune"
2016-07-01,OGDC,OGDCL announces second gas reserve discovery in a week - The Express Tribune
2016-08-24,OGDC,"OGDC to add significant crude oil, gas into system - The Express Tribune"
2006-12-04,OGDC,Delayed offering makes GDR less attractive - Dawn
2026-07-09,OGDC,Govt’s shareholding in OGDCL rises to 77.53% after BESOS share transfer - Profit by Pakistan Today
2026-07-09,OGDC,Govt Expands OGDC Stake After Court-Backed Transfer - ProPakistani
2026-06-19,OGDC,OGDCL raises Qadirpur lease stake to 82.99% after buying KUFPEC interest - Profit by Pakistan Today
2026-01-14,OGDC,OGDC’s Share Price Closes At All-Time High - ProPakistani
2026-02-19,OGDC,OGDC Discovers More Gas and Condensate at New Well in Sindh - ProPakistani
2026-03-04,OGDC,OGDC Announces Fresh Oil and Gas Discovery in KP - ProPakistani
2024-12-14,OGDC,Mari Petroleum overtakes OGDC to become largest company on PSX by market cap - Profit by Pakistan Today
2026-01-01,OGDC,OGDCL Announces Major Oil and Gas Discovery in KP - ProPakistani
2025-08-29,OGDC,OGDCL revamps its corporate identity - Profit by Pakistan Today
2025-11-13,OGDC,OGDCL secures provisional award for 8 offshore exploration blocks - Profit by Pakistan Today
2025-08-29,OGDC,OGDC has introduced a new logo and tagline - Trade Chronicle
2025-07-21,OGDC,"Energy majors dominate mutual-fund portfolios as OGDC, PPL and PSO soak up fresh flows - Profit by Pakistan Today"
2025-09-23,OGDC,OGDCL FY25 profit down by nearly 19% - Profit by Pakistan Today
2025-08-19,OGDC,"OGDCL, PPL increase financing commitment for Reko Diq copper-gold project to $715 million - Profit by Pakistan Today"
2025-06-29,OGDC,PSX billion-dollar club grows to 11 as market rally strengthens - Profit by Pakistan Today
2025-08-26,OGDC,OGDCL receives second Rs7.725 billion interest installment under circular debt plan - Profit by Pakistan Today
2024-04-08,OGDC,OGDCL discovers tight gas reserves in Sindh - Profit by Pakistan Today
2025-01-23,OGDC,OGDCL boosts working interest in Qadirpur gas field to 83% - Profit by Pakistan Today
2021-04-01,OGDC,Zafar Masud elected as chairman OGDCL - Profit by Pakistan Today
2024-03-26,OGDC,OGDCL discovers hydrocarbon reserves in Kohat - Profit by Pakistan Today
2022-06-15,OGDC,"OGDCL discovers gas reserves in Ghotki, Sindh - Profit by Pakistan Today"
2024-08-06,OGDC,OGDCL discovers gas condensate in Kohat district - Profit by Pakistan Today
2025-07-28,OGDC,These Are The Top Stocks Held by Mutual Funds in Pakistan - ProPakistani
2023-09-19,OGDC,OGDCL discovers significant gas reserve in Rahim Yar Khan - Profit by Pakistan Today
2024-08-30,OGDC,"OGDCL discovers gas condensate in district Sanghar, Sindh - Profit by Pakistan Today"
2017-12-29,OGDC,"OGDC makes gas discovery in Baratai block, Kohat, Khyber-Pakhtunkhwa - Profit by Pakistan Today"
2020-01-23,OGDC,PC rebuffs rumours about divestment of OGDCL shares at discounted rate - Profit by Pakistan Today
2018-04-16,OGDC,"Petroleum sector makes waves, OGDC wipes 112pts - Profit by Pakistan Today"
2025-03-17,OGDC,OGDCL discovers gas and condensate at Soghri North-1 well in Attock - Profit by Pakistan Today
2018-09-10,OGDC,OGDCL makes oil & gas discovery at Chanda oilfield in Kohat - Profit by Pakistan Today
2026-09-25,PPL,PPL Share Price Today: Rs 231.68 (+0.10%) | Pakistan Petroleum Ltd - Investify
2026-06-25,PPL,PPL Forecast — Price Target — Prediction for 2027 - TradingView
2025-12-19,PPL,PPL achieves landmark valuation on PSX - | Associated Press Of Pakistan
2026-06-24,PPL,Govt shareholding in PPL climbs to 74.86% following SC's ruling - Business Recorder
2026-08-31,PPL,Pakistan Petroleum Number of Employees 2026 | Employee Count & Headcount Data - Revelio Labs
2026-07-31,PPL,PPL makes 4th hydrocarbon find in Shah Bandar - The Express Tribune
2026-07-26,PPL,Pakistan Petroleum Limited Revenue Breakdown – PSX:PPL - TradingView
2025-12-03,PPL,"PPL Finalises Offshore Indus Block C Agreement, Strengthening Pakistan–Türkiye Energy Partnership - Energy Update"
2025-11-14,PPL,PPL JV hits new gas discovery in Sawan Field - Mettis Global
2026-03-20,PPL,Caution prevails at PSX ahead of Eid break - The Express Tribune
2023-05-07,PPL,PPL Stock Price and Chart — PSX:PPL - TradingView
2025-11-11,PPL,PPL’s Gambat South raises hydrocarbon processing capacity - Business Recorder
2025-10-31,PPL,PPL eyes Balochistan’s mineral wealth under new exploration approval - Business Recorder
2026-05-08,PPL,PPL successfully commissions well after decade-long delay - Business Recorder
2026-02-12,PPL,"PSX recoups early losses, rises 896 points - The Express Tribune"
2026-01-09,PPL,Pakistan Petroleum appoints Mohammad Khalid Rehman as CEO - Business Recorder
2025-10-16,PPL,Mari Energies buys 20% stake in Indus-C Block - The Express Tribune
2026-07-02,PPL,PPL JV secures development lease for Adhi Field - Business Recorder
2025-11-21,PPL,"Pakistan to drill first shoreline well in March 2026, marking key step in hydrocarbon search - Arab News"
2025-10-31,PPL,PPL secures conditional mineral exploration license in Balochistan’s Chagai - balochistanpulse.com
2025-09-20,PPL,PPL appoints new CEO - The News International
2024-08-07,PPL,New oil and gas deposits discovered - The Express Tribune
2024-10-08,PPL,"Pakistan Stock Exchange breaches 85,000 barrier, achieves another historic milestone - The Express Tribune"
2019-04-17,PPL,Pakistan Petroleum goes global with first exportation well in Middle East - Arab News PK
2026-01-02,PPL,PPL discovers major gas reserves in Kohat Breaking - Independent News Pakistan
2019-12-24,PPL,Pakistan Petroleum Limited finds fresh oil and gas deposits - The Express Tribune
2017-01-19,PPL,PPL acquired UK company at double the market value - The Express Tribune
2024-11-16,PPL,PPL announces hydrocarbon discovery in Sujawal - The News International
2025-03-25,PPL,Pakistani energy giants increase investment in Reko Diq copper-gold mine project to $1.25 billion - Arab News PK
2019-05-01,PPL,PPL sells Rs2 bn LPG to seven companies in dubious bidding process - The News International
2017-07-09,PPL,Government hikes Sui field’s gas price - The Express Tribune
2018-03-10,PPL,Rawalpindi: PPL discovers hydrocarbons from Adhi South X-1 well - The Express Tribune
2019-04-17,PPL,Pakistan Petroleum spuds first international exploration well in Iraq - The News International
2017-03-02,PPL,MOL Pakistan Discovers Fresh Oil and Gas Deposits in Khyber Pakhtunkhwa - PakWired
2017-02-14,PPL,"Fresh oil, gas deposits found in K-P - The Express Tribune"
2026-07-01,PPL,PPL Secures 12 Year Lease for Major Oil and Gas Field - ProPakistani
2026-02-26,PPL,"PPL reaches amicable settlement with PDIL, Descon Engineering over GPF-II and Adhi-III disputes - Profit by Pakistan Today"
2026-06-24,PPL,German Consultant Joins PPL’s Mega Mining Project in Balochistan - ProPakistani
2025-12-26,PPL,"PSX reaches new all-time high after more than 1,500-point surge - Geo News"
2026-01-02,PPL,"PPL, POL announce major gas discovery in TAL Block in Khyber Pakhtunkhwa - Profit by Pakistan Today"
2026-01-09,PPL,PPL Appoints Mohammad Khalid Rehman As Interim CEO - ProPakistani
2025-12-03,PPL,Pakistan signs five agreements for offshore and onshore oil and gas exploration blocks - Profit by Pakistan Today
2026-02-26,PPL,PPL settles disputes with Descon over two major EPCC projects - Pkrevenue.com
2026-01-19,PPL,"PPL joint venture discovers gas at Bilitang-1 well in Kohat district, Kyber Pakhtunkhwa - Profit by Pakistan Today"
2025-11-13,PPL,PPL secures eight new offshore exploration blocks in competitive bidding - Profit by Pakistan Today
2025-12-03,PPL,PPL transfers Indus Block C operatorship to Turkish Petroleum Overseas Company - Profit by Pakistan Today
2025-12-03,PPL,PPL transfers 25% operatorship to Turkiye for Indus-C Block offshore exploartion - 24 News HD
2024-04-22,PPL,"PPL enhances production by 17 MMscfd gas, 530 bpd oil - Profit by Pakistan Today"
2026-08-17,PPL,PPL Makes New Gas Discovery in Sindh - ProPakistani
2025-01-23,PPL,PPL boosts gas production at Shahdad X-1 after successful water shut-off operation - Profit by Pakistan Today
2025-01-06,PPL,Pakistan Petroleum Limited's subsidiary receives $6 million from Iraqi oil company - Profit by Pakistan Today
2025-05-14,PPL,Pakistan Petroleum Limited awarded two new blocks for hydrocarbon exploration - Profit by Pakistan Today
2024-12-16,PPL,Pakistan Stock Market Surges as 11 More Companies Cross Billion-Dollar Threshold - TechJuice
2025-03-25,PPL,"PPL, POGC discover gas in Sindh’s kirthar block - Profit by Pakistan Today"
2024-07-18,PPL,PPL commences oil and gas production from Adhi South-8 well - Profit by Pakistan Today
2025-11-14,PPL,PPL-Led Joint Venture Announces Gas Discovery in Sindh - ProPakistani
2026-06-24,PPL,Balochistan mining project begins production after 22 years - samaa tv
2024-08-06,PPL,PPL enhances production at Sui Gas Field with SML Compressors Revamping - Profit by Pakistan Today
2024-02-26,PPL,PPL reports 44% profit surge in first half of FY2024 - Profit by Pakistan Today
2024-02-06,PPL,PPL Approves Funding For Govt of Balochistan’s Capital Contribution in Lead-Zinc Mining Project - ProPakistani
2026-03-04,PPL,PSX today latest market update and share prices in Pakistan - Pakistan Connect
2022-03-22,PPL,"Reko Diq project: OGDC, PPL to pay $187.5m each as govt shareholders - Geo News"
2025-01-23,PPL,PPL Enhances Gas Production at Shahdad X-1 Well - ProPakistani
2024-02-06,PPL,PPL to fund Balochistan's share in lead-zinc mining project - Profit by Pakistan Today
2025-02-14,PPL,PPL Executes Agreements for Sui Gas Field Operations - ProPakistani
2020-09-10,PPL,PPL finds new gas reserves in Kalat - Profit by Pakistan Today
2022-02-21,PPL,PPL Discovers Gas Reserves in Sindh - ProPakistani
2021-04-13,PPL,NAB Helps PPL Recover Nearly A Billion Rupees - ProPakistani
2026-09-24,ENGRO,ENGROH - Company announcements for Engro Holdings Ltd - Investify
2026-09-26,ENGRO,EPCL - Company announcements for Engro Polymer and Chemicals Ltd - Investify
2026-09-21,ENGRO,Former Careem Pay head Junaid Iqbal appointed Engro Corp CEO-designate - Business Recorder
2026-09-21,ENGRO,Kashan Hasan steps down as CEO of FrieslandCampina Engro Pakistan - Business Recorder
2026-09-25,ENGRO,EPCL - Company profile for Engro Polymer and Chemicals Ltd - Investify
2026-06-25,ENGRO,EFERT Forecast — Price Target — Prediction for 2027 - TradingView
2026-09-01,ENGRO,Lotte Chemical to Acquire 56.19% Stake in Engro Polymer - ChemAnalyst
2026-07-27,ENGRO,Engro Holdings buys back 1m shares at Rs266 each - Mettis Global
2026-09-22,ENGRO,FrieslandCampina Engro Pakistan names ex-Fauji Foods chief as new CEO - Business Recorder
2026-06-25,ENGRO,EPCL Forecast — Price Target — Prediction for 2027 - TradingView
2026-04-18,ENGRO,"With 4,000-point jump, PSX nears 174k mark - The Express Tribune"
2025-12-23,ENGRO,"IFC, Standard Chartered Pakistan and Engro Fertilizers Announce 'First of its Kind' PKR 33.6 Billion Financing to Strengthen Pakistan’s Agri Chain and Support Farmers - International Finance Corporation (IFC)"
2026-05-25,ENGRO,"Engro Holdings reappoints Hussain Dawood as Chairman, Abdul Samad Dawood as CEO - Business Recorder"
2026-03-30,ENGRO,Engro Holdings plans buyback of 45m shares - Mettis Global
2026-05-07,ENGRO,CCP clears Liberty Daharki Power’s stake in EPCL from Mitsubishi - Business Recorder
2026-03-31,ENGRO,Capital structure boost: Engro Holdings plans 45m shares buyback - Business Recorder
2026-03-30,ENGRO,Engro Holdings board proposes buyback of up to 45mn shares - Business Recorder
2026-02-17,ENGRO,"Engro Energy sells 18.53% stake in Engro Powergen Qadirpur, maintains control - Business Recorder"
2026-03-10,ENGRO,Lotte Chemical Pakistan plans to acquire majority stake & control in Engro Polymer - Business Recorder
2026-02-17,ENGRO,"Engro to sell 18.53% stake in power unit, retains control - Mettis Global"
2026-02-13,ENGRO,"PSX dives 2,537 points on blue-chip selling - The Express Tribune"
2023-07-26,ENGRO,Engro completes Rs11.6bn share buyback exercise - Dawn
2025-07-17,ENGRO,Fertilizer sector fuels Pakistan stock market rally as benchmark index hits record high - Arab News PK
2026-02-17,ENGRO,Mitsubishi to sell entire stake in Engro Polymer - Mettis Global
2023-12-08,ENGRO,"PSX awards top 25 companies for 2022: FFC, Engro, Systems lead - Mettis Global"
2026-02-11,ENGRO,PSX modestly lower amid volatile trading - The Express Tribune
2023-12-02,ENGRO,Engro Fertilizers Ltd. Income Statement – PSX:EFERT - TradingView
2025-01-15,ENGRO,Engro Holdings Limited Balance Sheet – PSX:ENGROH - TradingView
2025-07-19,ENGRO,Engro Fertilizer Joins $1 Billion Dollar Club On PSX - Digital Pakistan
2025-10-31,ENGRO,"PSX suffers deep losses, falls over 1,700 points - The Express Tribune"
2025-02-10,ENGRO,Engro Fertilizer posts Rs28.3bn profit in 2024 - Business Recorder
2025-08-06,ENGRO,FrieslandCampina Engro Pakistan Limited - Business Recorder
2025-01-29,ENGRO,Engro Corporation to sell rice processing subsidiary to MAP Rice Mills in Rs2.4bn deal - Business Recorder
2018-07-21,ENGRO,Dutch firm takes 29% stake in Engro’s Elengy Terminal for $38m - The Express Tribune
2021-04-10,ENGRO,Engro to establish petrochemical plant - The Express Tribune
2024-05-09,ENGRO,"Engro to go global, says main investor - The Express Tribune"
2025-01-06,ENGRO,DHPL shares to list on PSX at Rs58.99 opening price - Mettis Global
2018-03-30,ENGRO,Engro to inject a minimum Rs3.03 billion into chemical subsidiary - The Express Tribune
2023-06-01,ENGRO,Engro Polymer delays hydrogen peroxide project - The Express Tribune
2025-09-26,ENGRO,PSX hits another peak on robust interest - The Express Tribune
2022-02-28,ENGRO,Subsidiary of Pakistani conglomerate Engro Corporation starts UAE operations - Arab News PK
2025-08-09,ENGRO,PSX closes in red as investors book profits - The Express Tribune
2016-03-03,ENGRO,Dutch company to acquire Engro Foods Ltd - Dawn
2025-05-07,ENGRO,"Semeen Akhter resigns as CEO of Engro Powergen Qadirpur, BoD to appoint successor - Business Recorder"
2018-12-14,ENGRO,Engro closes deal giving Dutch giant Royal Vopak 29pc share in Elengy Terminal - Dawn
2025-01-04,ENGRO,"Earnings outlook drives PSX above 117,500 - The Express Tribune"
2021-08-26,ENGRO,Engro to invest in telecom infrastructure - The Express Tribune
2021-02-19,ENGRO,Engro’s profit jumps 45% to Rs44.4 billion - The Express Tribune
2023-12-09,ENGRO,"Engro Corporation, its listed subsidiaries recognised among top 10 recipients at PSX awards - The Nation (Pakistan )"
2012-07-22,ENGRO,Investor mopping up shares in Engro - Dawn
2016-12-19,ENGRO,Dutch company acquires Engro Foods for $446.81m - The Express Tribune
2019-04-27,ENGRO,Engro to invest Rs7.5b in telecom infrastructure - The Express Tribune
2018-11-27,ENGRO,Engro Polymer to invest $9m to upgrade Karachi plant - The Express Tribune
2021-02-10,ENGRO,FrieslandCampina Engro reports Rs177m profit - The Express Tribune
2019-11-28,ENGRO,Engro Polymer to invest $6m in new chemical line - The Express Tribune
2017-04-19,ENGRO,"Engro Polymer’s profit jumps 4,600% - The Express Tribune"
2024-01-17,ENGRO,Engro Coal shares acquisition: BoD authorises Hubco to execute definitive pacts - Business Recorder
2014-12-11,ENGRO,Proposals invited: Engro Corp considering secondary offering - The Express Tribune
2017-02-08,ENGRO,"Corporate result: Engro Fertilizers posts profit of Rs9.3b, down 37% - The Express Tribune"
2016-03-03,ENGRO,Dutch company to buy Engro Foods for around $460 million - The Express Tribune
2012-04-16,ENGRO,"Corporate titan: After 27 years at Engro, Asad Umar calls it a day - The Express Tribune"
2016-10-25,ENGRO,Engro Fertilizers makes Rs2.9b profit in Q3 - The Express Tribune
2026-09-24,ENGRO,LOTTE Chemical Offers to Acquire 56% Stake in Engro Polymer - TechJuice
2026-09-22,ENGRO,Fauji Foods CEO Moves to FrieslandCampina Engro Pakistan - ProPakistani
2026-09-22,ENGRO,FrieslandCampina Engro Pakistan picks Fauji Foods chief Usman Zaheer Ahmad for CEO role - Profit by Pakistan Today
2026-09-21,ENGRO,Engro Fertilizers’ EnVen Plant resumes operations after maintenance - Profit by Pakistan Today
2026-09-21,ENGRO,FrieslandCampina Engro Pakistan to appoint new CEO as Kashan Hasan resigns - Profit by Pakistan Today
2026-09-21,ENGRO,Kashan Hasan Resigns as CEO of FrieslandCampina Engro Pakistan - Bloom Pakistan
2026-09-01,ENGRO,Lotte Chemical signs deal to buy Engro Corp's 56.19% stake i - Profit by Pakistan Today
2026-09-01,ENGRO,Lotte Chemical To Buy Engro Polymer In Rs. 19.7 Billion Deal - ProPakistani
2026-07-15,ENGRO,Engro Holdings buys back 2 million shares for about Rs538.1 million - Profit by Pakistan Today
2026-07-10,ENGRO,Engro Fertilizers restarts base plant after completing maintenance - Profit by Pakistan Today
2026-06-19,ENGRO,Engro Holdings Buys Back Rs. 3 Billion Worth of Shares - ProPakistani
2026-08-05,ENGRO,Urea Will Not Get Cheaper: Engro Fertilizers - ProPakistani
2026-07-04,ENGRO,Engro Fertilizers Shuts Base Plant for 4-Day Maintenance - Profit by Pakistan Today
2026-05-07,ENGRO,CCP approves Liberty Daharki Power’s acquisition of Engro Polymers shares - Profit by Pakistan Today
2026-04-27,ENGRO,Engro Polymer plant to undergo maintenance from April 28 to May 18 - Profit by Pakistan Today
2026-05-06,ENGRO,Engro fertilizers appoints Imran Ahmed as CEO effective May 11 - Profit by Pakistan Today
2026-05-06,ENGRO,Engro Fertilizers Appoints Imran Ahmed As New CEO - ProPakistani
2026-04-27,ENGRO,Engro Polymer Announces 3-Week Plant Shutdown - ProPakistani
2026-03-10,ENGRO,Lotte Chemical Pakistan makes offer for 56.19% stake in Engro Polymer - Profit by Pakistan Today
2025-12-11,ENGRO,"PSX announces Top 25 Companies; Engro, FFC and HBL among top performers - Profit by Pakistan Today"
2026-03-30,ENGRO,Engro Holdings Plans Buyback of Up to 45 Million Shares - ProPakistani
2026-02-17,ENGRO,"Engro Energy reduces stake in Engro Powergen Qadirpur by 18.53%, maintains control - Profit by Pakistan Today"
2026-03-30,ENGRO,"Engro Holdings plans buyback of 45 million shares, seeks shareholder approval - Profit by Pakistan Today"
2025-12-15,ENGRO,The Engro Succession: Smart continuity or a postcard to the past? - Profit by Pakistan Today
2026-03-10,ENGRO,Lotte Chemical Pakistan Moves to Acquire Majority Stake in Engro Polymer - ProPakistani
2026-03-13,ENGRO,Engro board authorises negotiations on Lotte Chemical offer to acquire EPCL stake - Profit by Pakistan Today
2025-01-14,ENGRO,"PSX announces delisting of Engro Corporation, effective January 14 - Profit by Pakistan Today"
2026-02-16,ENGRO,Mitsubishi Corporation to Sell Entire 11% Stake in Engro Polymer & Chemicals - TechJuice
2026-02-17,ENGRO,Mitsubishi Corporation to sell 11% stake in Engro Polymer & Chemicals - Profit by Pakistan Today
2026-03-02,ENGRO,Engro Fertilizers CEO Ali Rathore resigns - Profit by Pakistan Today
2026-01-26,ENGRO,Engro Powergen Qadirpur CEO Adeel Qamar resigns - Profit by Pakistan Today
2026-02-17,ENGRO,Engro Energy Sells 18.5% Stake In Power Subsidiary - ProPakistani
2024-12-30,ENGRO,The Engro restructuring - Profit by Pakistan Today
2023-12-15,ENGRO,Engro Corporation received the prestigious Pakistan Stock Exchange Top 25 Companies Award. - Trade Chronicle
2026-06-25,HUBC,HUBC Forecast — Price Target — Prediction for 2027 - TradingView
2026-01-07,HUBC,Pakistan stocks hit record high as investor optimism carries into 2026 - Arab News PK
2026-04-22,HUBC,HUBC declares Rs5 per share dividend for 3QFY26 - Mettis Global
2026-08-27,HUBC,"PSX ends flat, selling erases early gains - The Express Tribune"
2023-05-11,HUBC,HUBC Stock Price and Chart — PSX:HUBC - TradingView
2026-01-24,HUBC,"PSX rallies past 189,000 milestone - The Express Tribune"
2025-10-30,HUBC,"Hub Power 's 1QFY26 profit declines 35%, yet declares Rs5/share dividend - Mettis Global"
2026-04-23,HUBC,HUBC’s new earnings engine - Business Recorder
2026-04-02,HUBC,"PSX nosedives 3,500 points in heavy sell-off - The Express Tribune"
2025-10-28,HUBC,"Pakistan stock market sheds over 2,000 points amid stalled Afghan talks, economic uncertainty - Arab News PK"
2023-12-07,HUBC,Technical Analysis of Hub Power Co. Ltd. (PSX:HUBC) - TradingView
2024-06-21,HUBC,Chinese giant BYD partners with HUBCO subsidiary to introduce EVs in Pakistan - Business Recorder
2023-05-25,HUBC,Hub Power Co. Ltd. Dividends – PSX:HUBC - TradingView
2026-08-21,HUBC,PSX rebounds as KSE-100 gains 575 points on value buying - The Express Tribune
2026-04-09,HUBC,"PSX closes above 165,000 points amid geopolitical tensions, rising oil prices - The Express Tribune"
2026-05-21,HUBC,"PSX jumps over 3,680 points as oil prices retreat - The Express Tribune"
2026-01-29,HUBC,"PSX plummets by 6,000 points on Middle East tensions - The Express Tribune"
2026-04-10,HUBC,Mild pullback follows record surge at PSX - The Express Tribune
2026-06-19,HUBC,PSX surges 887 points as oil slides - The Express Tribune
2024-10-11,HUBC,IPPs face stock plunge as govt plans to revoke PPAs - The Express Tribune
2024-12-05,HUBC,Hub Power Holdings partners with Mega Conglomerate to strengthen BYD alliance - Business Recorder
2024-10-08,HUBC,"PSX: KSE-100 Index surpasses 85,000 mark for first time amid bullish momentum - The Express Tribune"
2026-04-20,HUBC,PSX rallies 4% WoW as ceasefire optimism boosts investor sentiment-INP - Independent News Pakistan
2024-12-06,HUBC,Hub Power partners with conglomerate for 50pc stake in Mega Motor - The News International
2024-04-01,HUBC,Chinese EV giant BYD set to electrify Pakistan with official market entry - Islamabad Scene
2026-05-04,HUBC,PSX ends volatile session higher as KSE-100 gains 955 points - Aaj English TV
2025-12-03,HUBC,"KSE-100 drops nearly 1,500 points as selling pressure grips Pakistan Stock Exchange - Profit by Pakistan Today"
2025-11-11,HUBC,"PSX plunges 3,667 points as geopolitical jitters trigger broad-based selloff - Pakistan - Aaj English TV"
2026-08-27,HUBC,Hub Power FY26 Profit Hits Rs. 50 Billion on Stronger BYD Contribution - ProPakistani
2025-09-03,HUBC,Hub Power reports 31.2% decline in net profit for FY25 - Profit by Pakistan Today
2024-12-05,HUBC,Hub Power Holdings signs deal for 50% stake in Mega Motor - Profit by Pakistan Today
2026-01-29,HUBC,"PSX Crashes By Over 6,000 Points As Earnings Shock Triggers Sell-Off - ProPakistani"
2024-10-17,HUBC,HUBC to sell BYD brand passengers vehicles – an update posted on PSX - Trade Chronicle
2024-12-05,HUBC,MCPL to Buy 50% Hubco’s Associated Company to Strengthen Business Venture With China’s BYD - ProPakistani
2024-06-21,HUBC,HUBCO Subsidiary Partners With China’s BYD to Launch Electric Vehicles in Pakistan - ProPakistani
2024-02-19,HUBC,"HUBCO has received its share of USD 32 million from its joint venture, CPHGC.. - Trade Chronicle"
2025-02-14,HUBC,"Hubco expands into EV charging sector with new subsidiary, partners with PSO - Profit by Pakistan Today"
2025-12-01,HUBC,"KSE-100 closes above 168,000 as institutional buying lifts market - Profit by Pakistan Today"
2025-07-09,HUBC,HUBCO-led consortium yet to make binding commitment on PIA stake acquisition - Profit by Pakistan Today
2025-11-03,HUBC,"Hubco, FFC, Thal announce completion of Thar Energy, ThalNova power projects under CPEC - Profit by Pakistan Today"
2020-08-24,HUBC,Hub Power Company signs MoU with govt's IPPs negotiation committee - Profit by Pakistan Today
2025-03-21,HUBC,Profit-Taking Halts Record-Breaking Rally at PSX - Pkrevenue.com
2024-10-17,HUBC,HUBCO subsidiary partners with Chinese BYD to manufacture EVs in Pakistan - Profit by Pakistan Today
2025-09-19,HUBC,PSX closes flat amid range-bound trading - Hum News English
2021-01-28,HUBC,Stocks snap three-day rally on profit booking - Profit by Pakistan Today
2018-03-15,HUBC,"Thar Energy limited to receive equity injection from Fauji Fertilizer, CMEC - Profit by Pakistan Today"
2026-02-09,HBL,HBL credits 2.95m shares to staff - Mettis Global
2026-07-28,HBL,Habib Bank Number of Employees 2026 | Employee Count & Headcount Data - Revelio Labs
2021-04-25,HBL,PSX agreed to on boarding of HBL as ‘Market Maker’ - Aga Khan Development Network
2025-08-06,HBL,"Pakistan stocks hit all-time high as banking rally, rupee strength fuel optimism - Arab News PK"
2023-08-03,HBL,Aga Khan Fund invests Rs3.47b into HBL - The Express Tribune
2024-04-16,HBL,Habib Bank Limited Financial Statements – PSX:HBL - TradingView
2015-04-11,HBL,Pakistan approves $1.2 billion HBL divestment - Dawn
2015-04-11,HBL,Pakistan gets $1.2bn offers for HBL shares - Arab News
2022-09-30,HBL,Pakistan's largest private bank HBL 'aided al-Qaeda terror' - ANI News
2022-10-26,HBL,HBL And Arif Habib Limited Sign A Mandate With Ghani Ceramics Limited For Advisory On IPO And Listing Of The ... - The Friday Times
2024-03-11,HBL,Newly-appointed federal minister Muhammad Aurangzeb resigns as HBL President & CEO - Business Recorder
2022-09-30,HBL,HBL to ‘vigorously’ contest charges in US court - The Express Tribune
2021-04-09,HBL,HBL in talks to acquire Silkbank’s consumer portfolio - Dawn
2025-09-06,HBL,HIFA Fund Price and Chart — PSX:HIFA - TradingView
2021-04-23,HBL,PSX takes HBL on board as market maker for debt securities - Business Recorder
2015-04-12,HBL,Privatisation proceeds: Final approval granted to $1b HBL stock offering - The Express Tribune
2017-09-05,HBL,Bankers smell a rat in timing of HBL penalty - Dawn
2017-08-28,HBL,HBL to close New York branch as US authorities seek to impose hefty penalty - The Express Tribune
2017-10-24,HBL,"Changes at HBL as Nauman Dar, president and CEO, set to retire - The Express Tribune"
2025-11-02,HBL,Pakistan's Habib Bank officially exits from Himalayan Bank - myRepublica
2023-12-10,HBL,HBL sets up subsidiary to boost agriculture and food security in Pakistan - The News International
2016-04-19,HBL,HBL Opens Branch in China - Newsweek Pakistan
2010-06-10,HBL,HBL employees to get shares under stock option scheme - The Express Tribune
2025-10-12,HBL,NRB gives final approval to Habib Bank to sell its stake at Himalayan Bank - myRepublica
2026-02-19,HBL,HBL reappoints Muhammad Nassir Salim as CEO for two more years - Profit by Pakistan Today
2026-03-31,HBL,Mari Energies assigns HBL to arrange financing for gas emissions project - Profit by Pakistan Today
2026-03-31,HBL,HBL to Back Mari Energies’ Project to Turn Polluting Gas into Profitable LNG - ProPakistani
2026-03-07,HBL,SBP imposes Rs329 million penalty on HBL in 2025 - Pkrevenue.com
2025-02-27,HBL,HBL approves Rs2 billion equity investment in microfinance subsidiary - Profit by Pakistan Today
2024-03-11,HBL,Muhammad Aurangzeb takes oath to lead finance team after quitting HBL - Profit by Pakistan Today
2020-02-17,HBL,HBL to voluntarily close New York branch by March 31st - Profit by Pakistan Today
2017-10-24,HBL,HBL CEO to retire by Dec-end - Geo News
2023-05-02,HBL,Aga Khan Fund Shows Interest to Buy HBL Shares Worth Rs. 3.53 Billion - ProPakistani
2023-05-02,HBL,Agha Khan Fund for Economic Development eyes more stakes in HBL - Profit by Pakistan Today
2024-03-29,HBL,"SBP clears Muhammad Nassir Salim as President, CEO of HBL - Profit by Pakistan Today"
2023-07-27,HBL,What will HBL’s new agri focused subsidiary do? - Profit by Pakistan Today
2025-02-27,HBL,HBL Approves Rs2 Billion Investment in Microfinance Subsidiary - TechJuice
2024-01-31,HBL,KTrade Securities becomes official sponsor of Multan Sultans for HBL PSL 9 - Profit by Pakistan Today
2023-12-08,HBL,SBP approves incorporation of HBL Zarai Services Limited - Profit by Pakistan Today
2025-08-22,HBL,HBL appoints Irfan Ahmed Meer as new CFO - Profit by Pakistan Today
2024-04-30,HBL,HBL approves equity investment of Rs6bn in its microfinance subsidiary - Profit by Pakistan Today
2017-09-10,HBL,What happened at Habib Bank in New York? - Profit by Pakistan Today
2025-02-06,HBL,HBL Allocates Deferred Compensation in Shares for Key Executives in a Trust - ProPakistani
2017-08-28,HBL,HBL to Close its New York Branch After Likely to be Slapped with $629 Million Fine - ProPakistani
2018-04-02,HBL,How bank CEOs rake in the big dough - Profit by Pakistan Today
2022-09-02,HBL,6 Best Banks In Pakistan 2022 For Financial Services - Dispatch News Desk - DND
2022-10-26,HBL,"HBL, Arif Habib Ltd sign MoU with Ghani Ceramics Ltd for advisory on IPO, listing on PSX - Global Village Space"
2021-04-09,HBL,Silkbank approves HBL’s due diligence request for portfolio divestment - Global Village Space
2017-09-04,HBL,PSX suffered worst monthly decline since May 2010 - Profit by Pakistan Today
2023-05-08,MCB,MCB Stock Price and Chart — PSX:MCB - TradingView
2026-03-18,MCB,PSX rebounds on blue-chip buying - The Express Tribune
2026-02-28,MCB,Afghanistan conflict weighs on PSX - The Express Tribune
2026-02-21,MCB,Stocks gain 999 points after overnight mayhem - Dawn
2024-12-11,MCB,MCB Bank appoints Nauman Chughtai as President & CEO - Business Recorder
2023-09-27,MCB,Technical Analysis of MCB Bank Limited (PSX:MCB) - TradingView
2021-11-03,MCB,MCB to buy 55pc shares in Telenor Microfinance Bank - The News International
2024-08-08,MCB,MCB Bank profit rises - Dawn
2026-01-14,MCB,PSX rebounds as retail investors return - The Express Tribune
2024-06-27,MCB,MCBIM Stock Price and Chart — PSX:MCBIM - TradingView
2021-11-03,MCB,MCB eyes majority stake in TMBL - Dawn
2016-03-21,MCB,MCB Bank’s quest for strategic regional partners - Dawn
2017-06-02,MCB,MCB Bank delists from London Stock Exchange - The Express Tribune
2016-03-16,MCB,MCB Bank in talks to buy NIB operations - Dawn
2025-07-02,MCB,"PSX maintains record-breaking streak, crosses 130,000 - The Express Tribune"
2026-04-11,MCB,"PSX tops 167,000 on diplomatic optimism - The Express Tribune"
2016-12-07,MCB,"MCB Bank, NIB Bank announce merger - The Express Tribune"
2026-05-06,MCB,PSX rises 794 points in late-session recovery - The Express Tribune
2026-06-25,MCB,Bulls tighten grip on PSX - The Express Tribune
2026-07-10,MCB,"Persistent selling caps PSX near 180,000 - The Express Tribune"
2016-02-09,MCB,MCB Bank posts profit of Rs25.5 billion - The Express Tribune
2022-06-20,MCB,Maybank mulls selling stake in Pakistan’s MCB Bank - The Edge Malaysia
2024-12-12,MCB,MCB profit grows 10% in 9MCY24 as bank pushes for digital transformation Breaking - Independent News Pakistan
2011-07-21,MCB,Market watch :Banks lead stock market upwards - The Express Tribune
2026-02-04,MCB,"MCB Bank profit falls Rs3.4 billion in 2025, board declares Rs9 final dividend - Profit by Pakistan Today"
2023-04-18,MCB,MCB Bank Acquires 30% Additional Stake in Asset Management Company - ProPakistani
2026-04-24,MCB,MCB Bank reports resilient performance for Q1’2026 with 90% dividend payout - Profit by Pakistan Today
2022-12-12,MCB,Sponsors of MCB buy 5.49pc stake in MCB - Profit by Pakistan Today
2023-09-18,MCB,MCB plans to set up exchange company with Rs 1 bn initial capital - Profit by Pakistan Today
2024-12-11,MCB,MCB Bank appoints Muhammad Nauman Chughtai as new CEO and President - Profit by Pakistan Today
2019-02-20,MCB,MCB Becomes Pakistan’s Most Profitable Private Bank in 2018 - ProPakistani
2025-04-23,MCB,MCB Bank profits drop 18% in Q1; quarterly net profit at Rs 14.65 bn - Profit by Pakistan Today
2024-03-27,MCB,State Bank grants licences to two new exchange companies - Profit by Pakistan Today
2025-01-15,MCB,Muhammad Nauman Chughtai cleared by SBP as President & CEO of MCB Bank - Profit by Pakistan Today
2023-05-29,MCB,MCB Bank to Explore Potential Acquisition of Silkbank - ProPakistani
2019-10-15,MCB,MCB Bank Limited to sell off its financial services arm - Profit by Pakistan Today
2022-02-22,MCB,MCB allowed due diligence to acquire 55pc stake in Easypaisa - Profit by Pakistan Today
2026-04-24,MCB,MCB Bank Reports Rs. 12.8 Billion Profit for Q1 2026 - ProPakistani
2023-06-01,MCB,Silkbank Approves MCB’s Request for Due Diligence Over Potential Acquisition - ProPakistani
2023-05-30,MCB,SilkBank’s list of wooers grows as MCB throws its hat in the ring - Profit by Pakistan Today
2026-07-27,MCB,"Pakistan Stock Exchange roars back with 6,500-Point jump amid Buying Spree - en.dailypakistan.com.pk"
2026-04-27,MCB,These are the Top 10 Most Profitable Banks in Pakistan - ProPakistani
2021-10-28,MCB,MCB Bank continues to declare highest dividend per share in the industry for 9MFY21 - Profit by Pakistan Today
2020-11-23,MCB,Digital Custodian Company Limited Acquires MCB Financial Services Limited - ProPakistani
2017-01-22,MCB,NIB-MCB merger process hits a snag - Profit by Pakistan Today
2019-01-02,MCB,SBP approves reappointment of Imran Maqbool as MCB's CEO - Profit by Pakistan Today
2016-12-08,MCB,"Merger of NIB, MCB bank approved - en.dailypakistan.com.pk"
2016-03-15,MCB,MCB Sets Eyes on NIB Bank Acquisition - ProPakistani
2017-07-31,MCB,NIB bank gets delisted from PSX - Profit by Pakistan Today
2017-02-09,MCB,"ABL follows suit after MCB, performs below expectations - Profit by Pakistan Today"
2017-02-22,MCB,NIB declares declining PAT of Rs 1.420bn in 2016 - Profit by Pakistan Today
2026-06-25,UBL,UBL Forecast — Price Target — Prediction for 2027 - TradingView
2026-01-06,UBL,UBL becomes Pakistan’s largest listed company at PSX - Mettis Global
2026-07-22,UBL,UBL unveils Rs40bn strategic investment plan - Business Recorder
2026-01-08,UBL,UBL Becomes Pakistan’s Most Valuable Listed Company - Digital Pakistan
2026-07-13,UBL,"UBLPETF ETF Profile: Dividends, Returns (PSX:UBLPETF) - TradingView"
2026-08-03,UBL,"PSX rebalances UPP9 index, UBL and FFC secure top weightings - Mettis Global"
2025-10-16,UBL,United Bank quarterly profit surges 93pc - Dawn
2026-08-25,UBL,UBL to invest up to Rs22bn in Khushhali Microfinance Bank - Business Recorder
2026-07-02,UBL,"PSX soars 3,748 points on easing inflation - The Express Tribune"
2026-07-22,UBL,"UBL posts 33% profit, declares Rs16 dividend - Mettis Global"
2026-01-06,UBL,"UBL enters four-billion-dollar club, becomes Pakistan’s largest-listed company - Business Recorder"
2025-10-05,UBL,UBL Becomes First Pakistani Bank to Hit Trillion - Digital Pakistan
2025-10-15,UBL,UBL profit jumps 89% YoY to Rs35.36bn in Q3 of 2025 - Business Recorder
2026-05-15,UBL,"Geopolitical fears, oil prices drag PSX lower - The Express Tribune"
2025-06-13,UBL,UBL to slash share face value to Rs5 from June 23 - Mettis Global
2026-04-04,UBL,Stocks slide as fuel price shock jolts PSX - The Express Tribune
2023-04-29,UBL,UBL keen on merging operation with Silkbank - The Express Tribune
2025-07-05,UBL,2nd most valuable listed co: UBL’s market cap jumps 6-fold in 2 years - Business Recorder
2024-12-04,UBL,UBL board approves Silkbank merger - Dawn
2019-11-05,UBL,UBL sells Tanzania subsidiary - The Express Tribune
2025-07-06,UBL,UBL Becomes Second Most Valuable PSX Company - Digital Pakistan
2025-03-11,UBL,UBL absorbs Silk Bank after SBP approval - Business Recorder
2020-09-24,UBL,UBL launches Roshan Digital accounts for non-resident Pakistanis - Dawn
2018-11-22,UBL,UBL to voluntarily shut down its New York branch - The Express Tribune
2024-11-02,UBL,UBL extends merger offer to Silkbank - Dawn
2025-02-05,UBL,UBL Becomes First Pakistani Bank to Hit Rs 500B - Digital Pakistan
2024-07-05,UBL,Transaction complete: UBL sells off stake in its UK subsidiary to Bestway Group - Business Recorder
2023-12-14,UBL,UBL wins PSX’s ‘Top Companies of the Year’ award - The Nation (Pakistan )
2018-07-14,UBL,UBL directed to strengthen anti money laundering compliance - The Express Tribune
2014-06-12,UBL,Pakistan to raise $387 m by selling UBL - The Express Tribune
2015-04-19,UBL,UBL spent over Rs24 crore on CEOs in 2014 - The Express Tribune
2016-10-19,UBL,"UBL posts profit of Rs7.15 billion, up 1.85% - The Express Tribune"
2014-05-10,UBL,Govt green lights PC's plan to sell UBL shares - The Express Tribune
2021-08-14,UBL,"UBL is one of the leading players in Pakistan’s banking space, with a legacy of committed service since 1959 - News of Bahrain"
2026-04-17,UBL,UBL officially becomes Pakistan’s largest bank by deposits - Profit by Pakistan Today
2026-07-22,UBL,"UBL Invests Up to Rs40b in Agriculture Subsidiary, Bank - Profit by Pakistan Today"
2026-03-23,UBL,How UBL (nearly) doubled in size in just one year - Profit by Pakistan Today
2026-01-06,UBL,UBL Becomes Pakistan’s Largest Listed Company on PSX - ProPakistani
2026-01-06,UBL,United Bank Limited Rises to the Top of Pakistan Stock Exchange Rankings - TechJuice
2026-01-01,UBL,UBL Insider-Linked Entities Buy Over 1.2 Million Shares - TechJuice
2026-04-06,UBL,Pakistan Stock Exchange Latest Update Amid Selling Pressure – 6 April 2026 - en.dailypakistan.com.pk
2025-06-13,UBL,UBL share split to take effect June 21; face value set to Rs 5 - Profit by Pakistan Today
2025-10-03,UBL,UBL Becomes Pakistan’s First Bank With a Trillion Rupee Market Cap - ProPakistani
2025-07-04,UBL,UBL Becomes Second Most Valuable Company on PSX - ProPakistani
2025-05-23,UBL,"UBL gets SBP nod for share split, doubling number of shares - Profit by Pakistan Today"
2024-12-09,UBL,"UBL CEO secures 6.39 million shares, strengthens personal stake in the bank - Profit by Pakistan Today"
2025-04-16,UBL,"UBL posts Rs36.1bn profit in Q1, announces 110% dividend and 2:1 stock split - Profit by Pakistan Today"
2025-03-11,UBL,SBP approves Silk Bank’s merger with United Bank Limited - Profit by Pakistan Today
2023-04-28,UBL,UBL Considering Merger with Silkbank - ProPakistani
2025-02-02,UBL,UBL crosses Rs500 billion market cap with 125.32% 1-year gain - Profit by Pakistan Today
2025-07-12,UBL,UBL’s half-year Profit doubles to Rs 64.7bn on soaring interest income - Profit by Pakistan Today
2021-01-17,UBL,Pakistan in for expensive legal fight with UBLs London branch over payment to Broadsheet - Geo News
2025-03-25,UBL,UBL Issues Shares to Former Silk Bank Shareholders After Merger - ProPakistani
2025-03-11,UBL,Silkbank is now UBL as SBP Approves Merger - ProPakistani
2025-04-04,UBL,Silkbank to be delisted from PSX on April 7th - Profit by Pakistan Today
2025-02-18,UBL,"Silkbank shareholders approve merger with UBL, pending regulatory clearance - Profit by Pakistan Today"
2023-04-03,UBL,UBL Appoints Muhammad Jawaid Iqbal as New President and CEO - ProPakistani
2024-11-01,UBL,"UBL proposes merger with Silkbank, offers share swap deal - Profit by Pakistan Today"
2021-08-15,UBL,UBL presents better than expected half year results - Profit by Pakistan Today
2023-05-02,UBL,"Silkbank, UBL in talks for potential merger - Profit by Pakistan Today"
2024-11-27,UBL,UBL Overtakes Meezan Bank as Most Valuable Bank in Pakistan - ProPakistani
2025-03-25,UBL,UBL Completes Share Allocation to Former Silk Bank Investors After Merger - TechJuice
2018-11-22,UBL,UBL to voluntarily wind-up its branch in New York - Profit by Pakistan Today
2019-11-04,UBL,UBL concludes sale of its subsidiary in Tanzania - Profit by Pakistan Today
2023-12-14,UBL,UBL wins PSX’s ‘Top Companies of the Year’ award - Pakistan Observer
2018-02-19,UBL,UBL’s Profits Drop by Rs. 2.3 Billion in 2017 - ProPakistani
2020-02-20,UBL,UBL announces to wind up its wholly owned subsidiary - Profit by Pakistan Today
2018-07-13,UBL,Fed asks United Bank to strengthen anti-money laundering policies - Profit by Pakistan Today
2020-02-19,UBL,UBL earnings clock in at Rs15.6 per share - Profit by Pakistan Today
2020-05-07,UBL,"Shazad Dada resigns as Standard Chartered CEO, likely to join UBL - Profit by Pakistan Today"
2022-02-08,UBL,UBL gets DD approval to acquire Telenor Microfinance Bank - Pkrevenue.com
2019-01-29,UBL,"UBL’s New York branch surrenders license, concludes voluntary liquidation - Profit by Pakistan Today"
2020-05-07,UBL,"Shazad Dada appointed UBL President, CEO - Profit by Pakistan Today"
2018-11-23,UBL,UBL set to shut down New York branch in realignment strategy - en.dailypakistan.com.pk
2017-03-27,UBL,Sima Kamil appointed UBL President & CEO - Profit by Pakistan Today
2026-07-25,TRG,TRG Pakistan Limited Revenue Breakdown – PSX:TRG - TradingView
2026-05-23,TRG,Mutiny on the TRG bounty - Dawn
2026-06-01,TRG,Zia Chishti’s stake in TRG Pakistan down to 1.2% after ‘enforcement of security’ by JS Bank - Business Recorder
2026-05-29,TRG,JS Bank boosts stake in TRG Pakistan - Mettis Global
2026-07-08,TRG,Governance Or Litigation? Dawn's Report Raises A Bigger Question About TRG's Future - The Friday Times
2026-05-11,TRG,"Pakistan court ruling clears path for TRG founder's return, raises governance concerns - Reuters"
2026-06-03,TRG,TRG confirms JS Bank shares originated from Zia Chishti collateral account - The News Pakistan
2026-05-29,TRG,JS Bank Limited acquired an additional 14.92% stake in TRG Pakistan Limited for PKR 5.1 billion. - marketscreener.com
2026-05-14,TRG,"Zia Chishti’s claims against TRG Pakistan Limited barred under 2022 release agreement, rules US court - Business Recorder"
2026-06-20,TRG,"TRG: The company we built, and what it has delivered - Dawn"
2026-06-01,TRG,TRG confirms Chishti-linked share transfer - Mettis Global
2026-05-12,TRG,SC clears way for TRG founder’s return to influence - The News Pakistan
2026-07-02,TRG,TRG Saga: US Court Hands Victory to Zia Chishti - Mettis Global
2026-04-29,TRG,TRG Pakistan Limited: performance and outlook - Business Recorder
2026-05-11,TRG,SC dismisses appeals against SHC order in TRG shareholding dispute - Dawn
2026-05-12,TRG,TRG loses Supreme Court appeal - Mettis Global
2026-06-19,TRG,"Zia Chishti ordered to turn over assets to TRG International, clear up remaining balance in arbitration award - Business Recorder"
2026-06-12,TRG,Released claims: Zia Chishti restrained from pursuing litigation at any forum till July 1 - Business Recorder
2026-05-14,TRG,TRG: Proving Grounds - Mettis Global
2026-05-11,TRG,TRG International Statement on Pakistan Court Short Order - Yahoo Finance
2026-05-14,TRG,New York Court Ruling Adds Fresh Twist To High-Stakes TRG Dispute - The Friday Times
2026-06-30,TRG,US Court Orders Zia Chishti To Satisfy The Remaining Arbitration Award - The Friday Times
2026-06-12,TRG,US Court bars Zia Chishti from pursuing released claims - Mettis Global
2026-04-03,TRG,"PSX dips 3,500 points amid risk-off mood - The Express Tribune"
2023-05-11,TRG,TRG Stock Price and Chart — PSX:TRG - TradingView
2024-01-17,TRG,Technical Analysis of TRG Pakistan Limited (PSX:TRG) - TradingView
2026-01-27,TRG,TRG International says Bermuda court ordered transfer of Zia Chishti’s shares to court receiver - Business Recorder
2021-11-19,TRG,TRG Pakistan's share price plummets amid allegations on CEO - Business Recorder
2026-01-10,TRG,Ongoing TRG saga raises shareholder concerns over potential asset value erosion should former CEO prevail: report - Business Recorder
2025-11-06,TRG,TRG Pakistan profit jumps nearly threefold to Rs6.9bn in Jul-Sep 2025 - Business Recorder
2025-06-17,TRG,TRG Pakistan receives offer from Greentree Holdings - Mettis Global
2021-03-02,TRG,TRG Pakistan reports Rs3.6bn profit - Dawn
2025-02-28,TRG,TRG's small shareholder gets stay against $55m inflow - The Express Tribune
2020-08-19,TRG,TRG Pakistan Limited Stock (TRG) - Quote Pakistan S.E. - marketscreener.com
2021-11-30,TRG,TRG Pakistan share price up following CEO Zia Chishti’s exit - Dawn
2025-03-24,TRG,Explainer: What Greentree’s tender offer means for TRG Pakistan shareholders - Business Recorder
2025-10-06,TRG,TRG: Wrapping Up Year 2025 - Mettis Global
2025-09-23,TRG,TRG's legal battle with ex-CEO imperils export giant's future - The Express Tribune
2025-06-27,TRG,TRG shareholders to receive tendered shares back - Mettis Global
2024-03-05,TRG,TRG Pakistan Limited - Business Recorder
2026-01-26,TRG,TRG International Announces Court-Ordered Transfer and Sale of All Shares Held by Former Chairman Zia Chishti - Yahoo Finance
2025-06-22,TRG,SHC rules TRG Pakistan management acted fraudulently in $150 million case - The Express Tribune
2025-01-16,TRG,Greentree Holdings offers to acquire 35% stake in TRG Pakistan for Rs14.4bn - Business Recorder
2025-02-19,TRG,"SHC restrains Zia Chishti, wife from transferring shares of TRG Pakistan: notice - Business Recorder"
2025-07-04,TRG,Status-quo: Chishti suffers Supreme Court reversal in battle for TRG Pakistan control - Business Recorder
2025-10-05,TRG,"Legal pressures grow on ex-TRG CEO Zia Chishti in US, Bermuda over taxes and asset transfers - Business Recorder"
2021-04-21,TRG,TRG to sell stake in health subsidiary to US firm - The Express Tribune
2025-06-23,TRG,TRG takeover battle: Zia Chishti lands favourable SHC ruling amid mounting financial pressure - Business Recorder
2021-12-20,TRG,TRG Pakistan chooses to continue investment in TRGI - Business Recorder
2021-12-10,TRG,"TRG Pakistan appoints Hasnain Aslam as CEO, director - Business Recorder"
2024-12-10,TRG,TRG Pakistan announces completion of Afiniti’s recapitalisation - Business Recorder
2021-11-29,TRG,"Zia Chishti 'resigns as CEO, director at TRG Pakistan' - Business Recorder"
2022-06-25,TRG,TRG Pakistan denies allegations of wrongdoing - The News International
2025-03-04,TRG,US arbitrator rejects ex-CEO’s bid to halt TRG Pakistan tender offer - The News International
2024-11-21,TRG,IBEX buys back 3.56m shares for $70m from TRGI - The News International
2023-10-11,TRG,TRG's Ex-CEO Accuses Incumbent Management Of Mishandling Company's Financials - The Friday Times
2026-09-26,TRG,"JS Bank Acquires 14.92% Stake in TRG Pakistan, Raises Total Holding to 29.33% - TechJuice"
2026-07-03,TRG,US Court Refuses TRG Pakistan Injunction for Zia Chishti - Profit by Pakistan Today
2026-05-29,TRG,"JS Bank acquires 14.92% stake in TRG Pakistan, raises holding to 29.33% - Profit by Pakistan Today"
2026-05-12,TRG,Supreme Court dismisses appeals against SHC ruling in TRG shares case - Profit by Pakistan Today
2026-06-01,TRG,TRG confirms shares acquired by JS Bank came from Zia Chishti’s account - Profit by Pakistan Today
2026-05-12,TRG,"Supreme Court dismisses appeals in TRG dispute, handing Zia Chishti a major win - Pakistan Today"
2026-06-12,TRG,US court restrains former TRG CEO Zia Chishti from pursuing released claims - Profit by Pakistan Today
2026-05-14,TRG,U.S. Court says Chishti waived pre-2022 claims against TRG Pakistan - Profit by Pakistan Today
2026-05-11,TRG,Zia Chishti wins Supreme Court battle in TRG corporate dispute - Geo News
2026-05-12,TRG,Supreme Court Clears Way for Zia Chishti’s Return to TRG Pakistan - ProPakistani
2026-06-12,TRG,New York Court Stops Zia Chishti from Pursuing Cases Against TRG Pakistan - ProPakistani
2026-05-29,TRG,Why TRG Pakistan Stock Is Suddenly Surging - TipRanks
2026-05-29,TRG,JS Bank Nearly Doubles Its Stake in TRG Pakistan - ProPakistani
2026-05-11,TRG,Supreme Court Upholds Corporate Governance Standards In TRG Case - Daily Times
2025-09-25,TRG,TRG Pakistan clarifies no knowledge of recent share price movement - Profit by Pakistan Today
2025-12-08,TRG,TRG Pakistan negates a win for Zia Chishti - Profit by Pakistan Today
2021-02-20,TRG,"The TRG stock phenomenon, explained - Profit by Pakistan Today"
2025-10-01,TRG,"TRG Pakistan reports Rs3.92bn profit in FY25, reversing previous year's loss - Profit by Pakistan Today"
2025-06-20,TRG,TRG loses buyback case in SHC as share price drops by over 8% - Profit by Pakistan Today
2025-04-07,TRG,TRG’s chaos spoils arbitrage opportunity for the stock market - Profit by Pakistan Today
2025-06-05,TRG,SECP allows TRG shareholders to reclaim tendered shares amid acquisition dispute - Profit by Pakistan Today
2025-04-30,TRG,TRG Pakistan reports Rs4 billion profit after tax for FY2024-25 - Profit by Pakistan Today
2025-08-28,TRG,Supreme Court combines TRG Pakistan shareholder dispute and defamation case - Profit by Pakistan Today
2024-11-20,TRG,TRG divests 3.56 million IBEX shares in $70 million deal - Profit by Pakistan Today
2020-08-04,TRG,SECP asks PSX to inquire alleged insider trading at TRG Pakistan - Profit by Pakistan Today
2024-12-30,TRG,TRG Pakistan alerts stakeholders on fake documents circulating online - Profit by Pakistan Today
2020-11-21,TRG,Strong year for TRG Pakistan in a banner year for its global subsidiaries - Profit by Pakistan Today
2020-08-08,TRG,"Ibex Ltd, TRG’s subsidiary, finally going public on the NASDAQ - Profit by Pakistan Today"
2021-11-17,TRG,TRG Pakistan shares tumble as CEO Chishti gets embroiled in sexual assault case - Profit by Pakistan Today
2025-05-01,TRG,Courts dismiss Zia Chishti’s challenges to TRG board freeze - Profit by Pakistan Today
2021-12-20,TRG,TRG Pakistan to Continue Investing in TRG International - ProPakistani
2022-01-16,TRG,The extraordinary TRG EGM saga - Profit by Pakistan Today
2023-10-08,TRG,The battle for TRG is raging. Will Zia Chishti get his way again? - Profit by Pakistan Today
2022-01-11,TRG,Zia Chishti out as TRG Pakistan elects new board - Profit by Pakistan Today
2025-03-03,TRG,US Arbitrator Denies Ex-CEO’s Motion Against TRG Pakistan - ProPakistani
2021-04-20,TRG,TRG International to Sell All Economic Stake of Its Subsidiary - ProPakistani
2019-11-28,TRG,"Pakistan Stock Exchange (PSX) Gain Momentum, Close At 38,706 Points - UrduPoint"
2018-02-26,TRG,TRG Pakistan’s indirect subsidiary IBEX Holdings files for $75m IPO on Nasdaq - Profit by Pakistan Today
2021-11-21,TRG,Zia Chishti had it coming. But do founders (who are also significant shareholders) ever truly get shown the door? - Profit by Pakistan Today
2021-11-29,TRG,TRG CEO Resigns Amid Sexual Assault Charges - ProPakistani
2025-06-23,TRG,Khaishgi and Aslam found liable for $150 million fraud - The American Reporter
2019-10-21,TRG,These 4 Pakistani companies have shown higher profits and yet their share prices have plunged. Is the stock market stupid? - Profit by Pakistan Today
2017-03-07,TRG,"After a stellar entrepreneurial run, TRG is Zia Chishti’s swan song - Profit by Pakistan Today"
2026-09-26,SYS,SYS Share Price Today: Rs 119.42 (-0.04%) | Systems Ltd - Investify
2023-05-07,SYS,SYS Stock Price and Chart — PSX:SYS - TradingView
2025-12-11,SYS,Systems Limited to acquire Confiz in one of Pakistan’s biggest tech mergers - Arab News
2025-05-24,SYS,PSX Temporarily Suspends Trading in Systems Limited - Digital Pakistan
2025-08-04,SYS,Systems Limited to hit Rs180/share by June 2026 - Mettis Global
2025-06-03,SYS,"Stocks falter after breaching 120,000-barrier - Dawn"
2025-08-07,SYS,"Pakistan stocks surge to all-time high as economic gains, US trade deal drive optimism - Arab News PK"
2025-03-24,SYS,Systems Limited announces 5-for-1 stock split - Business Recorder
2025-10-14,SYS,KTrade tips Systems Limited for 43% gain by June 2026 - Mettis Global
2023-06-02,SYS,Systems Ltd. Income Statement – PSX:SYS - TradingView
2025-10-08,SYS,PSX ends lower amid volatile trading - The Express Tribune
2025-12-15,SYS,Pakistan stocks close at record high on strong investor sentiment - Arab News PK
2025-07-23,SYS,Pakistan’s Systems Limited explores acquisition in IT and ITES sector - Business Recorder
2026-03-13,SYS,"PSX drops 1,437 points as early gains vanish - The Express Tribune"
2024-01-16,SYS,Technical Analysis of Systems Ltd. (PSX:SYS) - TradingView
2025-12-11,SYS,Systems Limited to acquire Confiz Pakistan through merger - Business Recorder
2026-02-13,SYS,PSX tumbles over 900 points - The Express Tribune
2023-05-15,SYS,Systems Ltd. Statistics – PSX:SYS - TradingView
2026-08-28,SYS,PSX closes in green as KSE-100 gains 373 points - The Express Tribune
2026-08-14,SYS,"PSX ends with mild losses, lacks triggers - The Express Tribune"
2026-01-08,SYS,PSX bull run ends as investors turn to profit-taking - The Express Tribune
2025-03-26,SYS,Systems Limited Shareholders to Vote on Stock Split - Digital Pakistan
2026-04-03,SYS,Stocks tumble but recover from steep losses amid fuel price shock - The Express Tribune
2026-07-31,SYS,"Geopolitics, oil spike drag PSX down - The Express Tribune"
2024-07-23,SYS,Investor transactions: PSX transitions to ‘One-Share Marketable Lot’ system - Business Recorder
2026-01-13,SYS,"Pakistan: Centralised sugar market monitoring system proposed to track production, stock levels and prices - ChiniMandi"
2025-09-19,SYS,Systems Limited Considers Acquisition of an IT Services Firm - Digital Pakistan
2026-03-15,SYS,"Pakistan, Venezuela & now Iran: Has China become the 'laughing stock' of the world? - The Times of India"
2025-10-21,SYS,Local mobile wallets bring real-time stock trading - The Express Tribune
2025-07-05,SYS,"PSX nears 132,000 as bulls charge on - The Express Tribune"
2026-08-17,SYS,OGRA developing digital system for direct petroleum stock data - | Associated Press Of Pakistan
2026-02-12,SYS,PSX eyes 12 new listings - The Express Tribune
2026-08-17,SYS,Pakistan says digitizing oil supply chain to improve petroleum stock monitoring - Arab News PK
2023-05-30,SYS,Debit cards hold lion’s share in payment system - Dawn
2025-07-30,SYS,Pakistan’s Systems Limited acquires British American Tobacco’s IT arm - Business Recorder
2026-07-17,SYS,"PSX falls 2,320 points as geopolitical jitters weigh - The Express Tribune"
2023-08-07,SYS,How Pakistan’s thriving tech industry is driving digital transformation globally - Gulf News
2019-11-30,SYS,Chinese investors keen to pour $2 billion into PSX - The Express Tribune
2025-07-14,SYS,Pakistan’s cement maker installs 6MW solar power system at Karachi facility - Business Recorder
2025-10-27,SYS,"Pakistan’s Systems Limited sets sights on Europe, US for next phase of growth - Business Recorder"
2026-05-25,SYS,Railways launches digital transformation drive - The Express Tribune
2025-11-21,SYS,Cloudflare crash lays bare Pakistan’s digital fragility - The Express Tribune
2025-10-08,SYS,Pakistan's InfoTech eyes role in Bangladesh's share settlement software system - The Business Standard
2026-03-09,SYS,Pentagon and Gulf Turn to Ukraine’s Drone Interceptors - quwa.org
2020-11-20,SYS,Pakistan's Tech Giant Systems Ltd. Makes it to Forbes Asia's 200 Best Under A Billion - Business Recorder
2025-04-30,SYS,Are India’s Missiles Stronger than Pakistan’s? Here’s a Head-to-(War)Head Comparison - The National Interest
2016-05-28,SYS,City Schools planning country’s first education IPO - Dawn
2025-05-08,SYS,India just struck Pakistan’s ‘Made in China’ air defence: What is HQ-9 system and why it matters - Business Today
2025-05-09,SYS,6 Drone Stocks to Watch as India-Pakistan Tensions Rise - Equitymaster
2025-12-11,SYS,Systems Limited approves Confiz Pakistan acquisition via share swap - Profit by Pakistan Today
2025-05-29,SYS,Systems Limited Suspends Trading on PSX Due to Stock Split - TechJuice
2025-12-11,SYS,Systems Limited to Acquire Confiz Pakistan in Major Amalgamation Deal - ProPakistani
2025-07-23,SYS,Systems Limited explores potential acquisition of IT and IT-enabled services business - Profit by Pakistan Today
2022-11-26,SYS,Systems Limited Becomes the Largest Company on PSX in Free-Float Market - ProPakistani
2026-08-07,SYS,PSX Wants Bigger Stake in NCCPL - ProPakistani
2025-09-17,SYS,Systems Limited considers potential acquisition of IT services business - Profit by Pakistan Today
2026-02-12,SYS,"PSX targets 12 new listings in 2026, secures full World Federation of Exchanges membership - Profit by Pakistan Today"
2021-10-31,SYS,The glitchy PSX trading system drama - Profit by Pakistan Today
2026-01-30,SYS,Ghani Chemical enters agreement with UK firm to expand medical gas systems business - Profit by Pakistan Today
2023-05-24,SYS,PSX launches cutting-edge trading system - Profit by Pakistan Today
2023-05-08,SYS,PSX Set to Implement New Trading System - ProPakistani
2026-05-25,SYS,FBR orders packaged milk producers to install electronic monitoring systems by June 30 - Profit by Pakistan Today
2025-03-25,SYS,PSX earns international certification for Information Security Management Systems - Profit by Pakistan Today
2021-10-17,SYS,PSX set to launch new trading system acquired from Shenzhen Stock Exchange - Profit by Pakistan Today
2020-12-21,SYS,PSX honours three Pakistani companies for inclusion in Forbes 'Asia's Best Under A Billion' list - Profit by Pakistan Today
